{"cameraMode":{"drawMode":0,"name":"Shaded","section":"Shading Mode"},"sceneLighting":true,"audioPlay":false,"sceneViewState":{"showFog":true,"showMaterialUpdate":false,"showSkybox":true,"showFlares":true,"showImageEffects":true,"showParticleSystems":true},"in2DMode":false,"pivot":{"x":-71.7823257446289,"y":-3.658302068710327,"z":12.984840393066407},"rotation":{"x":0.24282529950141908,"y":0.07354262471199036,"z":-0.01846553571522236,"w":0.9671021699905396},"size":14.261371612548829,"orthographic":false}