{"cameraMode":{"drawMode":0,"name":"Shaded","section":"Shading Mode"},"sceneLighting":true,"audioPlay":false,"sceneViewState":{"showFog":true,"showMaterialUpdate":false,"showSkybox":true,"showFlares":true,"showImageEffects":true,"showParticleSystems":true},"in2DMode":false,"pivot":{"x":-0.012740612030029297,"y":0.004341602325439453,"z":0.0511164665222168},"rotation":{"x":-0.23089554905891419,"y":0.5314516425132752,"z":-0.15379652380943299,"w":-0.8004677891731262},"size":9.507925987243653,"orthographic":true}