{"cameraMode":{"drawMode":0,"name":"Shaded","section":"Shading Mode"},"sceneLighting":false,"audioPlay":false,"sceneViewState":{"showFog":true,"showMaterialUpdate":false,"showSkybox":false,"showFlares":true,"showImageEffects":true,"showParticleSystems":true},"in2DMode":false,"pivot":{"x":0.05268049240112305,"y":3.0043413639068605,"z":0.0},"rotation":{"x":0.11988794803619385,"y":-0.4311412274837494,"z":0.05783284828066826,"w":0.8924425840377808},"size":7.974286079406738,"orthographic":true}